Property,January,February,March,April,May,June,July,August,September,October,November,December
ET,3.56,4.4,5.71,6.66,7.08,6.11,4.95,4.55,4.75,4.93,4.06,3.44
Water requirement (mm/day),1.424,1.76,2.284,2.664,2.832,2.444,1.98,1.82,1.9,1.972,1.624,1.376
Water requirement litres/day/ha ,14240,17600,22840,26640,28320,24440,19800,18200,19000,19720,16240,13760
Water requirement litres/palm/day in an ha,99.58042,123.0769,159.7203,186.2937,198.042,170.9091,138.4615,127.2727,132.8671,137.9021,113.5664,96.22378
Water requirement litres/palm/day in an ha at 70% field capacity,69.70629,86.15385,111.8042,130.4056,138.6294,119.6364,96.92308,89.09091,93.00699,96.53147,79.4965,67.35664
