Property,January,February,March,April,May,June,July,August,September,October,November,December
ET,3.13,2.35,2.63,2.92,3.13,3.09,2.61,2.08,1.92,2.18,2.58,2.47
Water requirement (mm/day),1.252,0.94,1.052,1.168,1.252,1.236,1.044,0.832,0.768,0.872,1.032,0.988
Water requirement litres/day/ha ,12520,9400,10520,11680,12520,12360,10440,8320,7680,8720,10320,9880
Water requirement litres/palm/day in an ha,87.55245,65.73427,73.56643,81.67832,87.55245,86.43357,73.00699,58.18182,53.70629,60.97902,72.16783,69.09091
Water requirement litres/palm/day in an ha at 70% field capacity,61.28671,46.01399,51.4965,57.17483,61.28671,60.5035,51.1049,40.72727,37.59441,42.68531,50.51748,48.36364
