Property,January,February,March,April,May,June,July,August,September,October,November,December
ET,2.28,2.76,3.78,4.36,4.7,4.88,4.8,4.53,3.96,3.37,2.73,2.23
Water requirement (mm/day),1.596,1.932,2.646,3.052,3.29,3.416,3.36,3.171,2.772,2.359,1.911,1.561
Water requirement litres/day/ha ,15960,19320,26460,30520,32900,34160,33600,31710,27720,23590,19110,15610
Water requirement litres/palm/day in an ha,111.6084,135.1049,185.035,213.4266,230.0699,238.8811,234.965,221.7483,193.8462,164.965,133.6364,109.1608
Water requirement litres/palm/day in an ha at 70% field capacity,78.12587,94.57343,129.5245,149.3986,161.049,167.2168,164.4755,155.2238,135.6923,115.4755,93.54545,76.41259
