Property,January,February,March,April,May,June,July,August,September,October,November,December
ET,2.53,3.11,4.25,4.68,4.8,4.59,4.52,4.3,3.9,3.43,2.86,2.38
Water requirement (mm/day),1.771,2.177,2.975,3.276,3.36,3.213,3.164,3.01,2.73,2.401,2.002,1.666
Water requirement litres/day/ha ,17710,21770,29750,32760,33600,32130,31640,30100,27300,24010,20020,16660
Water requirement litres/palm/day in an ha,123.8462,152.2378,208.042,229.0909,234.965,224.6853,221.2587,210.4895,190.9091,167.9021,140,116.5035
Water requirement litres/palm/day in an ha at 70% field capacity,86.69231,106.5664,145.6294,160.3636,164.4755,157.2797,154.8811,147.3427,133.6364,117.5315,98,81.55245
