Property,January,February,March,April,May,June,July,August,September,October,November,December
ET,3.97,4.75,5.7,6.19,6.02,4.86,4.18,4.12,4.31,4.09,3.76,3.58
Water requirement (mm/day),1.985,2.375,2.85,3.095,3.01,2.43,2.09,2.06,2.155,2.045,1.88,1.79
Water requirement litres/day/ha ,19850,23750,28500,30950,30100,24300,20900,20600,21550,20450,18800,17900
Water requirement litres/palm/day in an ha,138.8111888,166.0839161,199.3006993,216.4335664,210.4895105,169.9300699,146.1538462,144.0559441,150.6993007,143.006993,131.4685315,125.1748252
Water requirement litres/palm/day in an ha at 70% field capacity,97.16783217,116.2587413,139.5104895,151.5034965,147.3426573,118.951049,102.3076923,100.8391608,105.4895105,100.1048951,92.02797203,87.62237762