Property,January,February,March,April,May,June,July,August,September,October,November,December
ET,3.61,4.42,5.51,6.22,6.65,5.94,4.91,4.57,4.46,4.17,3.67,3.4
Water requirement (mm/day),1.805,2.21,2.755,3.11,3.325,2.97,2.455,2.285,2.23,2.085,1.835,1.7
Water requirement litres/day/ha ,18050,22100,27550,31100,33250,29700,24550,22850,22300,20850,18350,17000
Water requirement litres/palm/day in an ha,126.2237762,154.5454545,192.6573427,217.4825175,232.5174825,207.6923077,171.6783217,159.7902098,155.9440559,145.8041958,128.3216783,118.8811189
Water requirement litres/palm/day in an ha at 70% field capacity,88.35664336,108.1818182,134.8601399,152.2377622,162.7622378,145.3846154,120.1748252,111.8531469,109.1608392,102.0629371,89.82517483,83.21678322